symbol,isin,trade_date,exchange,segment,series,trade_type,auction,quantity,price,trade_id,order_id,order_execution_time
RELIANCE,INE002A01018,2020-08-11,BSE,EQ,A,buy,false,1.000000,2111.750000,7815600,1597116600028291110,2020-08-11T11:33:07
HINDUNILVR,INE030A01027,2020-08-12,BSE,EQ,A,buy,false,1.000000,2194.149902,2191800,1597203000081206165,2020-08-12T10:52:42
HDFC,INE001A01036,2020-08-14,BSE,EQ,A,buy,false,1.000000,1795.099976,9437300,1597390898185311471,2020-08-14T14:10:46
HINDUNILVR,INE030A01027,2020-08-21,NSE,EQ,EQ,buy,false,1.000000,2199.850098,27041044,1100000005437626,2020-08-21T11:52:52
RELIANCEPP,IN9002A01024,2020-08-21,NSE,EQ,E1,buy,false,1.000000,1210.849976,77401256,1300000006790429,2020-08-21T11:53:18
HDFC,INE001A01036,2020-08-21,NSE,EQ,EQ,buy,false,1.000000,1819.500000,27049986,1100000005454705,2020-08-21T11:53:33
RELIANCEPP,IN9002A01024,2020-08-24,NSE,EQ,E1,buy,false,1.000000,1185.000000,76832540,1300000005004187,2020-08-24T11:02:22
HINDUNILVR,INE030A01027,2020-08-24,BSE,EQ,A,buy,false,1.000000,2196.949951,4601300,1598239800024291012,2020-08-24T11:02:33
N100,INF247L01031,2020-08-24,BSE,EQ,E,buy,false,1.000000,855.500000,17900,1598240700109002103,2020-08-24T13:07:21
HDFC,INE001A01036,2020-08-25,NSE,EQ,EQ,buy,false,1.000000,1825.250000,28339261,1100000009109605,2020-08-25T13:52:05
HINDUNILVR,INE030A01027,2020-08-31,BSE,EQ,A,buy,false,1.000000,2157.250000,1148500,1598844600002079614,2020-08-31T09:33:36
RELIANCE,INE002A01018,2020-08-31,NSE,EQ,EQ,buy,false,1.000000,2083.500000,81037993,1300000018312337,2020-08-31T15:15:08
HDFC,INE001A01036,2020-08-31,NSE,EQ,EQ,buy,false,1.000000,1843.849976,32087015,1100000018749374,2020-08-31T15:20:21
RELIANCEPP,IN9002A01024,2020-09-04,NSE,EQ,E1,buy,false,2.000000,1198.300049,75952482,1300000003543256,2020-09-04T10:08:59
HDFC,INE001A01036,2020-09-04,NSE,EQ,EQ,buy,false,1.000000,1774.300049,26380326,1100000004245904,2020-09-04T10:09:14
N100,INF247L01031,2020-09-04,NSE,EQ,EQ,buy,false,1.000000,849.900024,51736529,1200000007253326,2020-09-04T12:53:58
HDFC,INE001A01036,2020-09-08,NSE,EQ,EQ,buy,false,1.000000,1787.900024,27247325,1100000006553753,2020-09-08T12:21:25
N100,INF247L01031,2020-09-08,NSE,EQ,EQ,buy,false,1.000000,839.000000,51546642,1200000006236763,2020-09-08T12:21:47
N100,INF247L01031,2020-09-09,NSE,EQ,EQ,buy,false,2.000000,800.500000,50726865,1200000002776571,2020-09-09T10:01:10
BHARTIARTL,INE397D01024,2020-09-14,NSE,EQ,EQ,buy,false,1.000000,484.100006,3183908,1000000010515204,2020-09-14T13:02:17
BHARTIARTL,INE397D01024,2020-09-14,NSE,EQ,EQ,buy,false,2.000000,484.100006,3183909,1000000010515204,2020-09-14T13:02:17
HDFC,INE001A01036,2020-09-15,NSE,EQ,EQ,buy,false,1.000000,1760.650024,27597783,1100000007408356,2020-09-15T13:10:51
HINDUNILVR,INE030A01027,2020-09-15,NSE,EQ,EQ,buy,false,1.000000,2121.500000,27600401,1100000007416158,2020-09-15T13:11:05
RELIANCE,INE002A01018,2020-09-17,NSE,EQ,EQ,sell,false,1.000000,2300.000000,78450412,1300000010759498,2020-09-17T14:59:42
HDFC,INE001A01036,2020-09-17,NSE,EQ,EQ,buy,false,2.000000,1738.000000,29387743,1100000010419627,2020-09-17T15:00:24
RELIANCEPP,IN9002A01024,2020-09-22,BSE,EQ,A,buy,false,1.000000,1335.800049,1954700,1600745400065148297,2020-09-22T09:38:34
HINDUNILVR,INE030A01027,2020-09-22,BSE,EQ,A,buy,false,1.000000,2025.750000,1722800,1600745400026170585,2020-09-22T09:38:47
HDFC,INE001A01036,2020-09-22,BSE,EQ,A,buy,false,1.000000,1696.449951,1780200,1600745400067403936,2020-09-22T09:38:52
BHARTIARTL,INE397D01024,2020-09-22,NSE,EQ,EQ,buy,false,1.000000,466.100006,869730,1000000003280047,2020-09-22T09:40:58
BHARTIARTL,INE397D01024,2020-09-23,NSE,EQ,EQ,buy,false,1.000000,435.799988,2525466,1000000010933108,2020-09-23T12:53:07
HINDUNILVR,INE030A01027,2020-09-29,NSE,EQ,EQ,buy,false,1.000000,2046.349976,28514716,1100000010132386,2020-09-29T14:54:44
RELIANCE,INE002A01018,2020-09-30,NSE,EQ,EQ,sell,false,1.000000,2251.850098,77320325,1300000008967418,2020-09-30T13:15:00
RELIANCEPP,IN9002A01024,2020-09-30,BSE,EQ,A,buy,false,2.000000,1358.949951,3231000,1601435721260519868,2020-09-30T13:15:11
RELIANCEPP,IN9002A01024,2020-10-01,BSE,EQ,A,buy,false,1.000000,1330.000000,6255300,1601523000049451960,2020-10-01T14:49:23
HDFC,INE001A01036,2020-10-06,NSE,EQ,EQ,sell,false,5.000000,1905.000000,27585038,1100000005114371,2020-10-06T13:16:40
ITC,INE154A01025,2020-10-06,NSE,EQ,EQ,buy,false,25.000000,169.899994,28648146,1100000011219827,2020-10-06T15:06:30
N100,INF247L01031,2020-10-07,NSE,EQ,EQ,buy,false,1.000000,818.880005,50749971,1200000003381385,2020-10-07T10:22:29
RELIANCEPP,IN9002A01024,2020-10-08,BSE,EQ,A,sell,false,5.000000,1360.900024,1301800,1602127800008133064,2020-10-08T09:50:48
RELIANCEPP,IN9002A01024,2020-10-08,BSE,EQ,A,sell,false,3.000000,1360.250000,1302000,1602127800008133064,2020-10-08T09:50:48
DIVISLAB,INE361B01024,2020-10-13,NSE,EQ,EQ,buy,false,1.000000,3176.550049,2603417,1000000010902909,2020-10-13T13:43:28
DABUR,INE016A01026,2020-10-14,NSE,EQ,EQ,buy,false,5.000000,509.299988,1010965,1000000004865251,2020-10-14T10:31:49
BHARTIARTL,INE397D01024,2020-10-15,BSE,EQ,A,buy,false,5.000000,397.950012,7356400,1602731708479903795,2020-10-15T14:00:48
RELIANCEPP,IN9002A01024,2020-10-15,NSE,EQ,E1,buy,false,5.000000,1330.000000,77856687,1300000008508399,2020-10-15T14:05:05
RELIANCEPP,IN9002A01024,2020-10-15,NSE,EQ,E1,buy,false,5.000000,1318.300049,77975166,1300000011517987,2020-10-15T14:12:58
ITC,INE154A01025,2020-10-15,BSE,EQ,A,buy,false,20.000000,165.949997,5390900,1602731708512516087,2020-10-15T14:24:27
CGPOWER,INE067A01029,2020-10-16,BSE,EQ,B,buy,false,50.000000,22.900000,4139800,1602819000000455701,2020-10-16T11:06:12
RELIANCEPP,IN9002A01024,2020-10-20,NSE,EQ,E1,buy,false,2.000000,1280.699951,76508510,1300000005962475,2020-10-20T11:36:29
DABUR,INE016A01026,2020-10-21,BSE,EQ,A,buy,false,5.000000,525.250000,913200,1603251000058174174,2020-10-21T09:33:51
RELIANCEPP,IN9002A01024,2020-10-22,BSE,EQ,A,buy,false,2.000000,1219.949951,1651200,1603337400032170873,2020-10-22T10:42:40
CENTURYTEX,INE055A01016,2020-10-27,NSE,EQ,EQ,buy,false,5.000000,310.299988,1939132,1020000007094980,2020-10-27T11:23:58
HDFC,INE001A01036,2020-10-28,NSE,EQ,EQ,buy,false,1.000000,2000.000000,25951892,1100000002933165,2020-10-28T10:24:46
HDFC,INE001A01036,2020-10-29,NSE,EQ,EQ,buy,false,1.000000,1956.650024,25671182,1100000003022340,2020-10-29T09:56:11
CGPOWER,INE067A01029,2020-11-02,BSE,EQ,B,buy,false,7.000000,32.049999,2687700,1604287800000336098,2020-11-02T10:10:19
CGPOWER,INE067A01029,2020-11-03,BSE,EQ,B,buy,false,30.000000,30.850000,2232000,1604374200000357199,2020-11-03T10:05:23
RELIANCEPP,IN9002A01024,2020-11-03,BSE,EQ,A,sell,false,7.000000,1015.000000,5626800,1604374200076399507,2020-11-03T12:27:15
CENTURYTEX,INE055A01016,2020-11-04,NSE,EQ,EQ,buy,false,3.000000,305.549988,762036,1000000004362768,2020-11-04T10:06:48
HDFC,INE001A01036,2020-11-05,NSE,EQ,EQ,buy,false,2.000000,2088.600098,26785891,1100000007485075,2020-11-05T11:52:15
DIVISLAB,INE361B01024,2020-11-09,BSE,EQ,A,sell,false,1.000000,3361.949951,6052000,1604907802708061661,2020-11-09T13:53:43
HINDUNILVR,INE030A01027,2020-11-09,NSE,EQ,EQ,buy,false,1.000000,2129.350098,28129441,1100000010719142,2020-11-09T14:20:13
CENTURYTEX,INE055A01016,2020-11-10,BSE,EQ,A,buy,false,3.000000,312.600006,1914700,1604978101023191816,2020-11-10T09:33:29
CGPOWER,INE067A01029,2020-11-10,BSE,EQ,B,buy,false,20.000000,31.700001,2205200,1604979000000398107,2020-11-10T09:35:33
ITC,INE154A01025,2020-11-11,NSE,EQ,EQ,sell,false,20.000000,185.149994,30365330,1100000019173770,2020-11-11T15:26:01
RELIANCEPP,IN9002A01024,2020-11-12,NSE,EQ,E1,buy,false,1.000000,1101.000000,75016134,1300000000156460,2020-11-12T09:15:00
HDFC,INE001A01036,2020-11-13,NSE,EQ,EQ,buy,false,1.000000,2306.050049,27021010,1100000008119407,2020-11-13T11:50:16
CENTURYTEX,INE055A01016,2020-11-17,BSE,EQ,A,buy,false,3.000000,317.399994,5442200,1605583800018740841,2020-11-17T15:00:21
BHARTIARTL,INE397D01024,2020-11-17,NSE,EQ,EQ,buy,false,3.000000,486.549988,4449077,1000000014651014,2020-11-17T15:01:06
CGPOWER,INE067A01029,2020-11-17,NSE,EQ,EQ,buy,false,50.000000,37.799999,4794004,1000000015328484,2020-11-17T15:18:43
DABUR,INE016A01026,2020-11-17,BSE,EQ,A,buy,false,4.000000,511.799988,7482200,1605598991663420612,2020-11-17T15:20:43
HDFC,INE001A01036,2020-11-18,NSE,EQ,EQ,buy,false,1.000000,2331.149902,27294961,1100000007645164,2020-11-18T12:17:47
RELIANCEPP,IN9002A01024,2020-11-20,BSE,EQ,A,buy,false,2.000000,1043.699951,5503200,1605843000009629759,2020-11-20T12:24:03
HDFC,INE001A01036,2020-12-02,NSE,EQ,EQ,buy,false,3.000000,2270.000000,27961332,1100000007321983,2020-12-02T12:57:09
HDFC,INE001A01036,2020-12-02,NSE,EQ,EQ,sell,false,3.000000,2275.850098,29872281,1100000015294417,2020-12-02T15:21:54
DABUR,INE016A01026,2020-12-04,BSE,EQ,A,sell,false,14.000000,504.600006,1862800,1607052600009338278,2020-12-04T09:40:21
CGPOWER,INE067A01029,2020-12-04,NSE,EQ,EQ,buy,false,124.000000,47.500000,2218433,1000000008004002,2020-12-04T11:24:05
CGPOWER,INE067A01029,2020-12-04,NSE,EQ,EQ,buy,false,76.000000,47.450001,2218432,1000000008004002,2020-12-04T11:24:05
HDFC,INE001A01036,2020-12-07,NSE,EQ,EQ,buy,false,1.000000,2240.000000,25002062,1100000000047783,2020-12-07T09:07:21
CENTURYTEX,INE055A01016,2020-12-08,NSE,EQ,EQ,buy,false,5.000000,393.000000,3922619,1000000015672105,2020-12-08T14:10:17
ITC,INE154A01025,2020-12-08,NSE,EQ,EQ,sell,false,4.000000,202.300003,29227240,1100000014008926,2020-12-08T14:11:04
HDFC,INE001A01036,2020-12-09,NSE,EQ,EQ,buy,false,3.000000,2292.399902,28103388,1100000009997391,2020-12-09T13:22:34
BHARTIARTL,INE397D01024,2020-12-10,NSE,EQ,EQ,buy,false,3.000000,496.200012,1249936,1000000004852243,2020-12-10T10:13:20
CENTURYTEX,INE055A01016,2020-12-10,NSE,EQ,EQ,buy,false,2.000000,379.500000,1252012,1000000004859904,2020-12-10T10:13:31
N100,INF247L01031,2020-12-10,NSE,EQ,EQ,buy,false,1.000000,897.890015,50969627,1200000003708272,2020-12-10T10:13:57
PURVA,INE323I01011,2020-12-10,NSE,EQ,EQ,buy,false,11.000000,68.800003,51883194,1200000007923845,2020-12-10T12:22:53
PURVA,INE323I01011,2020-12-10,NSE,EQ,EQ,buy,false,29.000000,68.800003,51883193,1200000007923845,2020-12-10T12:22:53
VSTIND,INE710A01016,2020-12-14,NSE,EQ,EQ,buy,false,1.000000,3942.100098,77232160,1300000007796538,2020-12-14T11:57:52
N100,INF247L01031,2020-12-15,NSE,EQ,EQ,buy,false,1.000000,904.789978,51534869,1200000005646005,2020-12-15T11:09:59
VEDL,INE205A01025,2020-12-16,NSE,EQ,EQ,buy,false,30.000000,149.300003,77611027,1300000008772720,2020-12-16T12:43:32
HDFC,INE001A01036,2020-12-16,NSE,EQ,EQ,sell,false,1.000000,2416.199951,29816334,1100000013847683,2020-12-16T15:27:09
BHARTIARTL,INE397D01024,2020-12-17,NSE,EQ,EQ,buy,false,2.000000,513.450012,2588313,1000000009722887,2020-12-17T12:55:38
VEDL,INE205A01025,2020-12-21,NSE,EQ,EQ,buy,false,14.000000,136.000000,80564237,1300000019133670,2020-12-21T15:09:24
N100,INF247L01031,2020-12-23,BSE,EQ,E,buy,false,1.000000,921.989990,1800,1608695100112000272,2020-12-23T09:17:34
BHARTIARTL,INE397D01024,2020-12-29,NSE,EQ,EQ,buy,false,3.000000,521.299988,3247715,1000000012873582,2020-12-29T13:58:24
ITC,INE154A01025,2021-01-06,BSE,EQ,A,buy,false,10.000000,210.949997,272300,1609903800027037986,2021-01-06T09:18:22
CENTURYTEX,INE055A01016,2021-01-06,NSE,EQ,EQ,buy,false,4.000000,415.000000,5011850,1000000015695272,2021-01-06T15:21:27
HDFC,INE001A01036,2021-01-08,BSE,EQ,A,buy,false,2.000000,2637.899902,3413900,1610076600007612397,2021-01-08T11:00:48
GSFC,INE026A01025,2021-01-08,NSE,EQ,EQ,buy,false,50.000000,84.599998,30532695,1100000015417629,2021-01-08T15:21:36
HINDUNILVR,INE030A01027,2021-01-12,NSE,EQ,EQ,buy,false,1.000000,2393.949951,26867969,1100000006095378,2021-01-12T10:52:01
N100,INF247L01031,2021-01-12,NSE,EQ,EQ,buy,false,2.000000,935.979980,52358886,1200000009459327,2021-01-12T12:47:49
ITC,INE154A01025,2021-01-12,NSE,EQ,EQ,buy,false,8.000000,202.899994,28562838,1100000011350850,2021-01-12T13:10:47
PURVA,INE323I01011,2021-01-13,BSE,EQ,B,buy,false,4.000000,87.400002,1100700,1610508600000045786,2021-01-13T13:53:34
RELIANCEPP,IN9002A01024,2021-01-20,BSE,EQ,A,sell,false,3.000000,1140.599976,2995900,1611113400010267091,2021-01-20T10:53:53
RELIANCEPP,IN9002A01024,2021-01-20,BSE,EQ,A,sell,false,6.000000,1140.400024,2996300,1611113400010267091,2021-01-20T10:53:53
RELIANCEPP,IN9002A01024,2021-01-20,BSE,EQ,A,sell,false,1.000000,1140.500000,2996100,1611113400010267091,2021-01-20T10:53:53
N100,INF247L01031,2021-01-20,NSE,EQ,EQ,buy,false,6.000000,940.969971,51474893,1200000005998206,2021-01-20T11:15:51
BHARTIARTL,INE397D01024,2021-01-21,BSE,EQ,A,buy,false,5.000000,584.250000,7681400,1611218917395333958,2021-01-21T15:26:41
HDFC,INE001A01036,2021-01-22,NSE,EQ,EQ,buy,false,2.000000,2587.550049,30038154,1100000017932783,2021-01-22T15:19:30
HDFC,INE001A01036,2021-01-27,NSE,EQ,EQ,buy,false,2.000000,2509.100098,26991502,1100000007099819,2021-01-27T10:57:11
HINDUNILVR,INE030A01027,2021-01-27,BSE,EQ,A,buy,false,1.000000,2349.550049,2019000,1611718200013344510,2021-01-27T10:57:47
N100,INF247L01031,2021-01-29,NSE,EQ,EQ,buy,false,1.000000,937.950012,51957021,1200000008634175,2021-01-29T11:51:49
PURVA,INE323I01011,2021-02-03,BSE,EQ,B,sell,false,44.000000,81.599998,992200,1612323000000043619,2021-02-03T12:24:42
ASIANPAINT,INE021A01026,2021-02-04,NSE,EQ,EQ,buy,false,2.000000,2423.649902,3233364,1000000011791380,2021-02-04T11:26:28
ITC,INE154A01025,2021-02-04,NSE,EQ,EQ,sell,false,39.000000,225.949997,29128822,1100000014260792,2021-02-04T13:10:32
ITC,INE154A01025,2021-02-04,NSE,EQ,EQ,buy,false,39.000000,231.149994,30150676,1100000014260790,2021-02-04T14:30:57
BHARTIARTL,INE397D01024,2021-02-04,NSE,EQ,EQ,buy,false,5.000000,599.549988,5725149,1000000021197925,2021-02-04T14:32:00
BHARTIARTL,INE397D01024,2021-02-04,NSE,EQ,EQ,sell,false,5.000000,598.400024,6735253,1000000023994610,2021-02-04T15:22:42
BHARTIARTL,INE397D01024,2021-02-05,NSE,EQ,EQ,buy,false,5.000000,587.799988,3352243,1000000014406680,2021-02-05T12:00:47
ASIANPAINT,INE021A01026,2021-02-08,BSE,EQ,A,buy,false,1.000000,2391.050049,3510600,1612755000066477387,2021-02-08T10:54:33
HINDUNILVR,INE030A01027,2021-02-08,NSE,EQ,EQ,buy,false,1.000000,2239.149902,30425770,1100000016844944,2021-02-08T15:03:45
CENTURYTEX,INE055A01016,2021-02-09,NSE,EQ,EQ,buy,false,2.000000,466.950012,3619926,1000000013885360,2021-02-09T12:52:05
BHARTIARTL,INE397D01024,2021-02-10,NSE,EQ,EQ,buy,false,2.000000,592.500000,1369431,1000000006063695,2021-02-10T10:08:27
ITC,INE154A01025,2021-02-10,NSE,EQ,EQ,buy,false,2.000000,227.449997,27175222,1100000007917228,2021-02-10T11:07:39
HDFC,INE001A01036,2021-02-12,NSE,EQ,EQ,sell,false,20.000000,2779.350098,29027793,1100000012224322,2021-02-12T14:00:50
ASIANPAINT,INE021A01026,2021-02-16,NSE,EQ,EQ,buy,false,3.000000,2444.100098,1873471,1000000007167513,2021-02-16T10:38:20
HDFC,INE001A01036,2021-02-17,NSE,EQ,EQ,buy,false,5.000000,2809.000000,26262648,1100000003386541,2021-02-17T10:05:39
HDFC,INE001A01036,2021-02-18,NSE,EQ,EQ,buy,false,10.000000,2764.000000,26360455,1100000003859953,2021-02-18T09:55:33
HDFC,INE001A01036,2021-02-18,NSE,EQ,EQ,buy,false,3.000000,2770.000000,26729072,1100000004831229,2021-02-18T10:11:42
HDFC,INE001A01036,2021-02-18,NSE,EQ,EQ,buy,false,1.000000,2769.899902,26729071,1100000004831229,2021-02-18T10:11:42
N100,INF247L01031,2021-02-18,NSE,EQ,EQ,buy,false,1.000000,979.000000,52767893,1200000009078739,2021-02-18T12:03:27
HDFC,INE001A01036,2021-02-22,NSE,EQ,EQ,buy,false,2.000000,2690.000000,26911410,1100000005937340,2021-02-22T10:20:48
BHARTIARTL,INE397D01024,2021-02-23,NSE,EQ,EQ,buy,false,1.000000,569.549988,2160176,1000000008864259,2021-02-23T11:07:36
CENTURYTEX,INE055A01016,2021-02-23,NSE,EQ,EQ,buy,false,1.000000,486.649994,2161469,1000000008869400,2021-02-23T11:07:43
VEDL,INE205A01025,2021-02-23,NSE,EQ,EQ,sell,false,44.000000,209.600006,80064083,1300000017481553,2021-02-23T14:24:27
GSFC,INE026A01025,2021-02-26,NSE,EQ,EQ,sell,false,50.000000,89.349998,27383075,1100000008258231,2021-02-26T10:55:35
HDFC,INE001A01036,2021-02-26,NSE,EQ,EQ,buy,false,4.000000,2577.449951,27429754,1100000008507815,2021-02-26T10:59:06
HDFC,INE001A01036,2021-02-26,NSE,EQ,EQ,buy,false,1.000000,2548.600098,31558259,1100000023022378,2021-02-26T15:06:55
BHARTIARTL,INE397D01024,2021-03-01,NSE,EQ,EQ,buy,false,5.000000,533.099976,2170345,1000000009840917,2021-03-01T11:21:12
CENTURYTEX,INE055A01016,2021-03-02,NSE,EQ,EQ,sell,false,28.000000,500.000000,2154173,1000000008818751,2021-03-02T10:57:05
N100,INF247L01031,2021-03-02,NSE,EQ,EQ,buy,false,1.000000,954.940002,54385407,1200000016176569,2021-03-02T14:29:38
VEDL,INE205A01025,2021-03-04,BSE,EQ,A,buy,false,10.000000,214.000000,12228400,1614836674685206318,2021-03-04T13:57:21
N100,INF247L01031,2021-03-05,NSE,EQ,EQ,buy,false,3.000000,892.960022,53047126,1200000012281639,2021-03-05T13:38:28
BHARTIARTL,INE397D01024,2021-03-08,NSE,EQ,EQ,buy,false,3.000000,526.000000,4280200,1000000018041350,2021-03-08T14:59:41
CENTURYTEX,INE055A01016,2021-03-09,NSE,EQ,EQ,buy,false,5.000000,489.750000,4750752,1000000018598708,2021-03-09T14:43:19
CENTURYTEX,INE055A01016,2021-03-09,NSE,EQ,EQ,buy,false,5.000000,487.000000,5228652,1000000019984594,2021-03-09T15:11:57
ITC,INE154A01025,2021-03-10,NSE,EQ,EQ,buy,false,9.000000,206.100006,27424771,1100000007769140,2021-03-10T12:21:33
ASIANPAINT,INE021A01026,2021-03-15,BSE,EQ,A,buy,false,1.000000,2375.550049,2625900,1615779000023424362,2021-03-15T10:17:17
HDFC,INE001A01036,2021-03-15,NSE,EQ,EQ,buy,false,1.000000,2508.000000,26892272,1100000006460522,2021-03-15T10:58:44
CENTURYTEX,INE055A01016,2021-03-15,NSE,EQ,EQ,buy,false,20.000000,484.350006,2961738,1000000013173524,2021-03-15T12:45:08
MAHABANK,INE457A01014,2021-03-17,NSE,EQ,EQ,buy,false,71.000000,20.500000,53509865,1200000014652606,2021-03-17T15:10:19
VSTIND,INE710A01016,2021-03-18,BSE,EQ,A,sell,false,1.000000,3415.000000,1399600,1616038200012249100,2021-03-18T10:06:49
ITC,INE154A01025,2021-03-18,NSE,EQ,EQ,sell,false,30.000000,216.949997,30288682,1100000017422629,2021-03-18T15:13:25
HDFC,INE001A01036,2021-03-23,NSE,EQ,EQ,buy,false,2.000000,2500.649902,27821205,1100000010050172,2021-03-23T12:41:55
HDFC,INE001A01036,2021-03-24,NSE,EQ,EQ,buy,false,2.000000,2460.149902,27393824,1100000007470721,2021-03-24T12:07:35
BHARTIARTL,INE397D01024,2021-03-25,NSE,EQ,EQ,buy,false,3.000000,510.350006,2208159,1000000008946948,2021-03-25T11:13:36
ITC,INE154A01025,2021-03-25,NSE,EQ,EQ,buy,false,20.000000,210.000000,27378310,1100000005711976,2021-03-25T12:03:57
N100,INF247L01031,2021-03-30,NSE,EQ,EQ,buy,false,1.000000,930.309998,51569304,1200000004121828,2021-03-30T10:39:14
CENTURYTEX,INE055A01016,2021-03-30,NSE,EQ,EQ,buy,false,5.000000,460.250000,1632693,1000000004903489,2021-03-30T10:59:40
